[{"id":123456,"ordered_by":"Marco Weilenmann","addres":"Postfach 8010","fax":"","email":"marco.weilenmann@zkb.ch","phone":"+41 44 292 75 71","bookingnumber":700050,"status":"Bestätigt","booking_date":"12.06.2018 06:08:45","arrival":"","departure":""},{"id":5465465,"ordered_by":"Andreas Lang","addres":"Italienische Strasse 49 7408 Cazis","phone":"788844830","fax":"","email":"eda1@onax.ch","bookingnumber":700049,"status":"Bestätigt","booking_date":"05.06.2018 06:54:27","arrival":"","departure":""},{"id":5454254,"ordered_by":"Donald Duck","addres":"Parkstrasse 1 7408","phone":"","fax":"","email":"eda1@onax.ch","bookingnumber":700051,"status":"Confirmation","booking_date":"12.06.2018 06:11:01","arrival":"","departure":""},{"id":2452145,"ordered_by":"Daisy Duck","addres":"Parkstrasse 1 7409 Cazis","phone":"","fax":"","email":"eda1@onax.ch","bookingnumber":700052,"status":"Confirmation","booking_date":"12.06.2018 06:12:18","arrival":"","departure":""},{"id":2488484,"ordered_by":"Denise Wehrli","addres":"Italienische Strasse 49 7408 Cazis","phone":"","fax":"","email":"eda1@onax.ch","bookingnumber":700053,"status":"Bestätigt","booking_date":"12.06.2018 06:13:36","arrival":"","departure":""}]